{
  "feature": "swift_biomes:woodlands/trees",
  "placement": [
    {
      "type": "minecraft:noise_based_count",
      "noise_to_count_ratio": 5,
      "noise_factor": 10,
      "noise_offset": 0.3
    },
    {
      "type": "minecraft:count",
      "count": {
        "type": "minecraft:weighted_list",
        "distribution": [
          {
            "weight": 9,
            "data": 15
          },
          {
            "weight": 1,
            "data": 20
          }
        ]
      }
    },
    {
      "type": "minecraft:in_square"
    },
    {
      "type": "minecraft:surface_water_depth_filter",
      "max_water_depth": 0
    },
    {
      "type": "minecraft:heightmap",
      "heightmap": "OCEAN_FLOOR"
    },
    {
      "type": "minecraft:biome"
    }
  ]
}
