{
  "config": {
    "decorators": [
      {
        "probability": 0.2,
        "type": "minecraft:cocoa"
      },
      {
        "type": "minecraft:trunk_vine"
      },
      {
        "type": "minecraft:leave_vine",
        "probability": 0.25
      }
    ],
    "ignore_vines": false,
    "force_dirt": true,
    "dirt_provider": {
      "state": {
        "Name": "minecraft:air"
      },
      "type": "minecraft:simple_state_provider"
    },
    "minimum_size": {
      "limit": 1,
      "lower_size": 0,
      "upper_size": 2,
      "type": "minecraft:two_layers_feature_size"
    },
    "root_placer": {
      "type": "minecraft:mangrove_root_placer",
      "above_root_placement": {
        "above_root_placement_chance": 0.5,
        "above_root_provider": {
          "type": "minecraft:simple_state_provider",
          "state": {
            "Name": "minecraft:moss_carpet"
          }
        }
      },
      "mangrove_root_placement": {
        "can_grow_through": "#minecraft:mangrove_roots_can_grow_through",
        "max_root_length": 15,
        "max_root_width": 8,
        "muddy_roots_in": [
          "minecraft:mud",
          "minecraft:muddy_mangrove_roots"
        ],
        "muddy_roots_provider": {
          "type": "minecraft:simple_state_provider",
          "state": {
            "Name": "minecraft:muddy_mangrove_roots",
            "Properties": {
              "axis": "y"
            }
          }
        },
        "random_skew_chance": 0.2
      },
      "root_provider": {
        "type": "minecraft:simple_state_provider",
        "state": {
          "Name": "minecraft:mangrove_roots",
          "Properties": {
            "waterlogged": "false"
          }
        }
      },
      "trunk_offset_y": {
        "type": "minecraft:uniform",
        "max_inclusive": 3,
        "min_inclusive": 1
      }
    },
    "trunk_placer": {
      "type": "minecraft:upwards_branching_trunk_placer",
      "base_height": 7,
      "can_grow_through": "#minecraft:mangrove_logs_can_grow_through",
      "extra_branch_length": {
        "type": "minecraft:uniform",
        "max_inclusive": 1,
        "min_inclusive": 0
      },
      "extra_branch_steps": {
        "type": "minecraft:uniform",
        "max_inclusive": 5,
        "min_inclusive": 3
      },
      "height_rand_a": 2,
      "height_rand_b": 4,
      "place_branch_per_log_probability": 0.5
    },
    "trunk_provider": {
      "state": {
        "Properties": {
          "axis": "y"
        },
        "Name": "minecraft:jungle_log"
      },
      "type": "minecraft:simple_state_provider"
    },
    "foliage_provider": {
      "entries": [
        {
          "data": {
            "Properties": {
              "persistent": "false",
              "distance": "7"
            },
            "Name": "minecraft:azalea_leaves"
          },
          "weight": 3
        },
        {
          "data": {
            "Properties": {
              "persistent": "false",
              "distance": "7"
            },
            "Name": "minecraft:flowering_azalea_leaves"
          },
          "weight": 1
        }
      ],
      "type": "minecraft:weighted_state_provider"
    },
    "foliage_placer": {
      "radius": 2,
      "offset": 0,
      "type": "minecraft:acacia_foliage_placer"
    }
  },
  "type": "minecraft:tree"
}
