{
  "config": {
    "decorators": [
      {
        "probability": 0.1,
        "type": "minecraft:beehive"
      }
    ],
    "ignore_vines": false,
    "force_dirt": false,
    "dirt_provider": {
      "state": {
        "Name": "minecraft:dirt"
      },
      "type": "minecraft:simple_state_provider"
    },
    "minimum_size": {
      "limit": 1,
      "lower_size": 1,
      "upper_size": 2,
      "type": "minecraft:two_layers_feature_size"
    },
    "trunk_provider": {
      "state": {
        "Properties": {
          "axis": "y"
        },
        "Name": "minecraft:dark_oak_log"
      },
      "type": "minecraft:simple_state_provider"
    },
    "trunk_placer": {
      "type": "minecraft:fancy_trunk_placer",
      "base_height": 9,
      "height_rand_a": 10,
      "height_rand_b": 12
    },
    "foliage_provider": {
      "entries": [
        {
          "data": {
            "Properties": {
              "persistent": "false",
              "distance": "7"
            },
            "Name": "minecraft:cherry_leaves"
          },
          "weight": 3
        },
        {
          "data": {
            "Properties": {
              "persistent": "false",
              "distance": "7"
            },
            "Name": "minecraft:cherry_leaves"
          },
          "weight": 1
        }
      ],
      "type": "minecraft:weighted_state_provider"
    },
    "foliage_placer": {
      "radius": 3,
      "offset": 0,
      "height": 3,
      "type": "minecraft:fancy_foliage_placer"
    }
  },
  "type": "minecraft:tree"
}
