{
  "config": {
    "tries": 36,
    "xz_spread": 7,
    "y_spread": 3,
    "feature": {
      "feature": {
        "config": {
          "to_place": {
            "entries": [
              {
                "weight": 1,
                "data": {
                  "Name": "minecraft:dandelion"
                }
              },
              {
                "weight": 2,
                "data": {
                  "Name": "minecraft:poppy"
                }
              },
              {
                "weight": 3,
                "data": {
                  "Name": "minecraft:orange_tulip"
                }
              }
            ],
            "type": "minecraft:weighted_state_provider"
          }
        },
        "type": "minecraft:simple_block"
      },
      "placement": [
        {
          "predicate": {
            "blocks": [
              "minecraft:air"
            ],
            "type": "minecraft:matching_blocks"
          },
          "type": "minecraft:block_predicate_filter"
        }
      ]
    }
  },
  "type": "minecraft:flower"
}
