{
  "config": {
    "vegetation_chance": 0.6,
    "xz_radius": {
      "type": "minecraft:uniform",
      "value": {
        "min_inclusive": 1,
        "max_inclusive": 2
      }
    },
    "extra_edge_column_chance": 0.75,
    "extra_bottom_block_chance": 0,
    "vertical_range": 5,
    "vegetation_feature": {
      "feature": "swift_biomes:midnights/spike",
      "placement": []
    },
    "surface": "floor",
    "depth": 1,
    "replaceable": "#minecraft:moss_replaceable",
    "ground_state": {
      "state": {
        "Name": "minecraft:blue_ice"
      },
      "type": "minecraft:simple_state_provider"
    }
  },
  "type": "minecraft:vegetation_patch"
}
