{
  "type": "minecraft:tree",
  "config": {
    "ignore_vines": true,
    "force_dirt": true,
    "minimum_size": {
      "type": "minecraft:two_layers_feature_size",
      "min_clipped_height": 0,
      "limit": 1,
      "lower_size": 0,
      "upper_size": 0
    },
    "sapling_provider": {
      "type": "minecraft:simple_state_provider",
      "state": {
        "Name": "minecraft:oak_sapling",
        "Properties": {
          "stage": "0"
        }
      }
    },
    "dirt_provider": {
      "type": "minecraft:simple_state_provider",
      "state": {
        "Name": "minecraft:dirt"
      }
    },
    "trunk_provider": {
      "type": "minecraft:simple_state_provider",
      "state": {
        "Name": "minecraft:spruce_log",
        "Properties": {
          "axis": "y"
        }
      }
    },
    "foliage_provider": {
      "type": "minecraft:simple_state_provider",
      "state": {
        "Name": "minecraft:spruce_leaves",
        "Properties": {
          "distance": "7",
          "persistent": "false"
        }
      }
    },
    "trunk_placer": {
      "type": "minecraft:straight_trunk_placer",
      "base_height": 7,
      "height_rand_a": 5,
      "height_rand_b": 9
    },
    "foliage_placer": {
      "type": "minecraft:mega_pine_foliage_placer",
      "radius": {
        "type": "minecraft:uniform",
        "min_inclusive": 0,
        "max_inclusive": 1
      },
      "offset": {
        "type": "minecraft:uniform",
        "min_inclusive": 1,
        "max_inclusive": 3
      },
      "crown_height": {
        "type": "minecraft:uniform",
        "min_inclusive": 10,
        "max_inclusive": 15
      }
    },
    "decorators": [
      {
        "type": "minecraft:place_on_ground",
        "block_state_provider": {
          "type": "minecraft:weighted_state_provider",
          "entries": [
            {
              "data": {
                "Name": "minecraft:leaf_litter",
                "Properties": {
                  "facing": "north",
                  "segment_amount": "1"
                }
              },
              "weight": 1
            },
            {
              "data": {
                "Name": "minecraft:leaf_litter",
                "Properties": {
                  "facing": "east",
                  "segment_amount": "1"
                }
              },
              "weight": 1
            },
            {
              "data": {
                "Name": "minecraft:leaf_litter",
                "Properties": {
                  "facing": "south",
                  "segment_amount": "1"
                }
              },
              "weight": 1
            },
            {
              "data": {
                "Name": "minecraft:leaf_litter",
                "Properties": {
                  "facing": "west",
                  "segment_amount": "1"
                }
              },
              "weight": 1
            },
            {
              "data": {
                "Name": "minecraft:leaf_litter",
                "Properties": {
                  "facing": "north",
                  "segment_amount": "2"
                }
              },
              "weight": 1
            },
            {
              "data": {
                "Name": "minecraft:leaf_litter",
                "Properties": {
                  "facing": "east",
                  "segment_amount": "2"
                }
              },
              "weight": 1
            },
            {
              "data": {
                "Name": "minecraft:leaf_litter",
                "Properties": {
                  "facing": "south",
                  "segment_amount": "2"
                }
              },
              "weight": 1
            },
            {
              "data": {
                "Name": "minecraft:leaf_litter",
                "Properties": {
                  "facing": "west",
                  "segment_amount": "2"
                }
              },
              "weight": 1
            },
            {
              "data": {
                "Name": "minecraft:leaf_litter",
                "Properties": {
                  "facing": "north",
                  "segment_amount": "3"
                }
              },
              "weight": 1
            },
            {
              "data": {
                "Name": "minecraft:leaf_litter",
                "Properties": {
                  "facing": "east",
                  "segment_amount": "3"
                }
              },
              "weight": 1
            },
            {
              "data": {
                "Name": "minecraft:leaf_litter",
                "Properties": {
                  "facing": "south",
                  "segment_amount": "3"
                }
              },
              "weight": 1
            },
            {
              "data": {
                "Name": "minecraft:leaf_litter",
                "Properties": {
                  "facing": "west",
                  "segment_amount": "3"
                }
              },
              "weight": 1
            }
          ]
        },
        "height": 2,
        "radius": 4,
        "tries": 96
      },
      {
        "type": "minecraft:place_on_ground",
        "block_state_provider": {
          "type": "minecraft:weighted_state_provider",
          "entries": [
            {
              "data": {
                "Name": "minecraft:leaf_litter",
                "Properties": {
                  "facing": "north",
                  "segment_amount": "1"
                }
              },
              "weight": 1
            },
            {
              "data": {
                "Name": "minecraft:leaf_litter",
                "Properties": {
                  "facing": "east",
                  "segment_amount": "1"
                }
              },
              "weight": 1
            },
            {
              "data": {
                "Name": "minecraft:leaf_litter",
                "Properties": {
                  "facing": "south",
                  "segment_amount": "1"
                }
              },
              "weight": 1
            },
            {
              "data": {
                "Name": "minecraft:leaf_litter",
                "Properties": {
                  "facing": "west",
                  "segment_amount": "1"
                }
              },
              "weight": 1
            },
            {
              "data": {
                "Name": "minecraft:leaf_litter",
                "Properties": {
                  "facing": "north",
                  "segment_amount": "2"
                }
              },
              "weight": 1
            },
            {
              "data": {
                "Name": "minecraft:leaf_litter",
                "Properties": {
                  "facing": "east",
                  "segment_amount": "2"
                }
              },
              "weight": 1
            },
            {
              "data": {
                "Name": "minecraft:leaf_litter",
                "Properties": {
                  "facing": "south",
                  "segment_amount": "2"
                }
              },
              "weight": 1
            },
            {
              "data": {
                "Name": "minecraft:leaf_litter",
                "Properties": {
                  "facing": "west",
                  "segment_amount": "2"
                }
              },
              "weight": 1
            },
            {
              "data": {
                "Name": "minecraft:leaf_litter",
                "Properties": {
                  "facing": "north",
                  "segment_amount": "3"
                }
              },
              "weight": 1
            },
            {
              "data": {
                "Name": "minecraft:leaf_litter",
                "Properties": {
                  "facing": "east",
                  "segment_amount": "3"
                }
              },
              "weight": 1
            },
            {
              "data": {
                "Name": "minecraft:leaf_litter",
                "Properties": {
                  "facing": "south",
                  "segment_amount": "3"
                }
              },
              "weight": 1
            },
            {
              "data": {
                "Name": "minecraft:leaf_litter",
                "Properties": {
                  "facing": "west",
                  "segment_amount": "3"
                }
              },
              "weight": 1
            },
            {
              "data": {
                "Name": "minecraft:leaf_litter",
                "Properties": {
                  "facing": "north",
                  "segment_amount": "4"
                }
              },
              "weight": 1
            },
            {
              "data": {
                "Name": "minecraft:leaf_litter",
                "Properties": {
                  "facing": "east",
                  "segment_amount": "4"
                }
              },
              "weight": 1
            },
            {
              "data": {
                "Name": "minecraft:leaf_litter",
                "Properties": {
                  "facing": "south",
                  "segment_amount": "4"
                }
              },
              "weight": 1
            },
            {
              "data": {
                "Name": "minecraft:leaf_litter",
                "Properties": {
                  "facing": "west",
                  "segment_amount": "4"
                }
              },
              "weight": 1
            }
          ]
        },
        "height": 2,
        "radius": 2,
        "tries": 150
      }
    ]
  }
}
