{
  "config": {
    "decorators": [
      {
        "probability": 0.2,
        "type": "minecraft:cocoa"
      },
      {
        "type": "minecraft:trunk_vine"
      },
      {
        "type": "minecraft:leave_vine",
        "probability": 0.25
      }
    ],
    "ignore_vines": false,
    "force_dirt": false,
    "dirt_provider": {
      "state": {
        "Name": "minecraft:dirt"
      },
      "type": "minecraft:simple_state_provider"
    },
    "minimum_size": {
      "limit": 1,
      "lower_size": 0,
      "upper_size": 2,
      "type": "minecraft:two_layers_feature_size"
    },
    "trunk_provider": {
      "state": {
        "Properties": {
          "axis": "y"
        },
        "Name": "minecraft:jungle_log"
      },
      "type": "minecraft:simple_state_provider"
    },
    "trunk_placer": {
      "base_height": 6,
      "height_rand_a": 4,
      "height_rand_b": 4,
      "type": "minecraft:forking_trunk_placer"
    },
    "foliage_provider": {
      "entries": [
        {
          "data": {
            "Properties": {
              "persistent": "false",
              "distance": "7"
            },
            "Name": "minecraft:azalea_leaves"
          },
          "weight": 3
        },
        {
          "data": {
            "Properties": {
              "persistent": "false",
              "distance": "7"
            },
            "Name": "minecraft:flowering_azalea_leaves"
          },
          "weight": 1
        }
      ],
      "type": "minecraft:weighted_state_provider"
    },
    "foliage_placer": {
      "radius": 2,
      "offset": 0,
      "type": "minecraft:acacia_foliage_placer"
    }
  },
  "type": "minecraft:tree"
}
