{
  "config": {
    "tries": 64,
    "xz_spread": 7,
    "y_spread": 5,
    "feature": {
      "feature": {
        "config": {
          "to_place": {
            "entries": [
              {
                "data": {
                  "Properties": {
                    "half": "lower"
                  },
                  "Name": "minecraft:lilac"
                },
                "weight": 2
              },
              {
                "data": {
                  "Properties": {
                    "half": "lower"
                  },
                  "Name": "minecraft:peony"
                },
                "weight": 1
              },
              {
                "data": {
                  "Properties": {
                    "half": "lower"
                  },
                  "Name": "minecraft:large_fern"
                },
                "weight": 1
              },
              {
                "data": {
                  "Name": "minecraft:poppy"
                },
                "weight": 1
              },
              {
                "data": {
                  "Name": "minecraft:allium"
                },
                "weight": 1
              },
              {
                "data": {
                  "Name": "minecraft:oxeye_daisy"
                },
                "weight": 1
              },
              {
                "data": {
                  "Name": "minecraft:azure_bluet"
                },
                "weight": 1
              }
            ],
            "type": "minecraft:weighted_state_provider"
          }
        },
        "type": "minecraft:simple_block"
      },
      "placement": [
        {
          "predicate": {
            "blocks": "minecraft:air",
            "type": "minecraft:matching_blocks"
          },
          "type": "minecraft:block_predicate_filter"
        }
      ]
    }
  },
  "type": "minecraft:flower"
}
