{
	"feature": "swift_biomes:midnights/flowers",
	"placement": [
		{
		  "count": 1,
		  "type": "minecraft:count"
		},
		{
		  "type": "minecraft:in_square"
		},
		{
		  "heightmap": "MOTION_BLOCKING",
		  "type": "minecraft:heightmap"
		},
		{
		  "count": {
			"type": "minecraft:clamped",
			"value": {
			  "source": {
				"type": "minecraft:uniform",
				"value": {
				  "min_inclusive": -1,
				  "max_inclusive": 3
				}
			  },
			  "min_inclusive": 0,
			  "max_inclusive": 3
			}
		  },
		  "type": "minecraft:count"
		},
		{
		  "type": "minecraft:biome"
		}
	  ]
}
