{
  "config": {
    "layers": [
      {
        "height": {
          "distribution": [
            {
              "data": {
                "type": "minecraft:biased_to_bottom",
                "value": {
                  "min_inclusive": 2,
                  "max_inclusive": 4
                }
              },
              "weight": 5
            },
            {
              "data": {
                "type": "minecraft:biased_to_bottom",
                "value": {
                  "min_inclusive": 2,
                  "max_inclusive": 3
                }
              },
              "weight": 1
            }
          ],
          "type": "minecraft:weighted_list"
        },
        "provider": {
          "entries": [
            {
              "data": {
                "Name": "minecraft:cobbled_deepslate"
              },
              "weight": 9
            },
            {
              "data": {
                "Name": "minecraft:deepslate"
              },
              "weight": 1
            }
          ],
          "type": "minecraft:weighted_state_provider"
        }
      },
      {
        "height": 1,
        "provider": {
          "entries": [
            {
              "data": {
                "Name": "minecraft:cobbled_deepslate"
              },
              "weight": 9
            },
            {
              "data": {
                "Name": "minecraft:deepslate"
              },
              "weight": 1
            }
          ],
          "type": "minecraft:weighted_state_provider"
        }
      }
    ],
    "direction": "up",
    "allowed_placement": {
      "blocks": [
        "minecraft:air"
      ],
      "type": "minecraft:matching_blocks"
    },
    "prioritize_tip": true
  },
  "type": "minecraft:block_column"
}
