{
  "type": "minecraft:tree",
  "config": {
    "decorators": [],
    "minimum_size": {
      "type": "minecraft:two_layers_feature_size"
    },
    "dirt_provider": {
      "type": "minecraft:simple_state_provider",
      "state": {
        "Name": "minecraft:dirt"
      }
    },
    "trunk_provider": {
      "type": "minecraft:simple_state_provider",
      "state": {
        "Name": "minecraft:spruce_log",
        "Properties": {
          "axis": "y"
        }
      }
    },
    "foliage_provider": {
      "type": "minecraft:simple_state_provider",
      "state": {
        "Name": "minecraft:oak_leaves"
      }
    },
    "trunk_placer": {
      "type": "minecraft:fancy_trunk_placer",
      "base_height": 7,
      "height_rand_a": 5,
      "height_rand_b": 14
    },
    "foliage_placer": {
      "type": "minecraft:random_spread_foliage_placer",
      "radius": 3,
      "offset": 2,
      "foliage_height": 3,
      "leaf_placement_attempts": 256
    }
  }
}
