{
  "feature": "swift_biomes:woodlands/mushrooms",
  "placement": [
    {
      "type": "minecraft:count",
      "count": {
        "type": "minecraft:weighted_list",
        "distribution": [
          {
            "weight": 9,
            "data": 10
          },
          {
            "weight": 1,
            "data": 13
          }
        ]
      }
    },
    {
			"predicate": {
				"state": {
					"Properties": {
						"stage": "0"
					},
					"Name": "minecraft:spruce_sapling"
				},
				"type": "minecraft:would_survive"
			},
			"type": "minecraft:block_predicate_filter"
		},
    {
      "type": "minecraft:in_square"
    },
    {
      "type": "minecraft:surface_water_depth_filter",
      "max_water_depth": 0
    },
    {
      "type": "minecraft:heightmap",
      "heightmap": "OCEAN_FLOOR"
    },
    {
      "type": "minecraft:biome"
    }
  ]
}
