{
  "config": {
    "decorators": [],
    "ignore_vines": true,
    "force_dirt": false,
    "dirt_provider": {
      "state": {
        "Name": "minecraft:dirt"
      },
      "type": "minecraft:simple_state_provider"
    },
    "minimum_size": {
      "limit": 2,
      "lower_size": 0,
      "upper_size": 2,
      "type": "minecraft:two_layers_feature_size"
    },
    "trunk_provider": {
      "state": {
        "Properties": {
          "axis": "y"
        },
        "Name": "minecraft:polished_basalt"
      },
      "type": "minecraft:simple_state_provider"
    },
    "trunk_placer": {
      "base_height": 13,
      "height_rand_a": 3,
      "height_rand_b": 5,
      "type": "minecraft:forking_trunk_placer"
    },
    "foliage_provider": {
      "state": {
        "Name": "minecraft:air"
      },
      "type": "minecraft:simple_state_provider"
    },
    "foliage_placer": {
      "radius": {
        "type": "minecraft:uniform",
        "value": {
          "min_inclusive": 1,
          "max_inclusive": 2
        }
      },
      "offset": {
        "type": "minecraft:uniform",
        "value": {
          "min_inclusive": 1,
          "max_inclusive": 2
        }
      },
      "crown_height": {
        "type": "minecraft:uniform",
        "value": {
          "min_inclusive": 11,
          "max_inclusive": 14
        }
      },
      "type": "minecraft:mega_pine_foliage_placer"
    }
  },
  "type": "minecraft:tree"
}
