{
  "type": "minecraft:geode",
  "config": {
    "blocks": {
      "alternate_inner_layer_provider": {
        "type": "minecraft:simple_state_provider",
        "state": {
          "Name": "minecraft:raw_gold_block"
        }
      },
      "cannot_replace": "#minecraft:features_cannot_replace",
      "filling_provider": {
        "type": "minecraft:simple_state_provider",
        "state": {
          "Name": "minecraft:air"
        }
      },
      "inner_layer_provider": {
        "type": "minecraft:weighted_state_provider",
        "entries": [
          {
            "weight": 1,
            "data": {
              "Name": "minecraft:deepslate_gold_ore"
            }
          },
          {
            "weight": 9,
            "data": {
              "Name": "minecraft:deepslate",
              "Properties": {
                "axis": "y"
              }
            }
          }
        ]
      },
      "inner_placements": [
        {
          "Name": "minecraft:light",
          "Properties": {
            "level": "13",
            "waterlogged": "false"
          }
        }
      ],
      "invalid_blocks": "#minecraft:geode_invalid_blocks",
      "middle_layer_provider": {
        "type": "minecraft:simple_state_provider",
        "state": {
          "Name": "minecraft:smooth_basalt"
        }
      },
      "outer_layer_provider": {
        "type": "minecraft:simple_state_provider",
        "state": {
          "Name": "minecraft:blackstone"
        }
      }
    },
    "crack": {
      "base_crack_size": 2.0,
      "crack_point_offset": 2,
      "generate_crack_chance": 0.95
    },
    "distribution_points": {
      "type": "minecraft:uniform",
      "value": {
        "max_inclusive": 3,
        "min_inclusive": 2
      }
    },
    "invalid_blocks_threshold": 1,
    "layers": {
      "filling": 3,
      "inner_layer": 4,
      "middle_layer": 5,
      "outer_layer": 7
    },
    "max_gen_offset": 16,
    "min_gen_offset": -16,
    "noise_multiplier": 0.05,
    "outer_wall_distance": {
      "type": "minecraft:uniform",
      "value": {
        "max_inclusive": 6,
        "min_inclusive": 4
      }
    },
    "placements_require_layer0_alternate": true,
    "point_offset": {
      "type": "minecraft:uniform",
      "value": {
        "max_inclusive": 2,
        "min_inclusive": 1
      }
    },
    "use_alternate_layer0_chance": 0.04,
    "use_potential_placements_chance": 0.35
  }
}