{
  "config": {
    "vegetation_chance": 0.6,
    "xz_radius": {
      "type": "minecraft:uniform",
      "min_inclusive": 2,
      "max_inclusive": 3
    },
    "extra_edge_column_chance": 0.8,
    "extra_bottom_block_chance": 0.2,
    "vertical_range": 5,
    "vegetation_feature": {
      "feature": "swift_biomes:evermore/spike",
      "placement": []
    },
    "surface": "floor",
    "depth": 1,
    "replaceable": "#minecraft:moss_replaceable",
    "ground_state": {
      "state": {
        "Name": "minecraft:coarse_dirt"
      },
      "type": "minecraft:simple_state_provider"
    }
  },
  "type": "minecraft:vegetation_patch"
}
