{
  "config": {
    "decorators": [],
    "ignore_vines": false,
    "force_dirt": false,
    "dirt_provider": {
      "state": {
        "Name": "minecraft:dirt"
      },
      "type": "minecraft:simple_state_provider"
    },
    "minimum_size": {
      "limit": 0,
      "lower_size": 0,
      "upper_size": 0,
      "type": "minecraft:two_layers_feature_size"
    },
    "trunk_provider": {
      "state": {
        "Properties": {
          "axis": "y"
        },
        "Name": "minecraft:acacia_wood"
      },
      "type": "minecraft:simple_state_provider"
    },
    "trunk_placer": {
      "base_height": 3,
      "height_rand_a": 0,
      "height_rand_b": 0,
      "type": "minecraft:straight_trunk_placer"
    },
    "foliage_provider": {
      "state": {
        "Properties": {
          "persistent": "false",
          "distance": "7"
        },
        "Name": "minecraft:oak_leaves"
      },
      "type": "minecraft:simple_state_provider"
    },
    "foliage_placer": {
      "type": "minecraft:mega_pine_foliage_placer",
      "radius": 1,
      "offset": {
        "type": "minecraft:uniform",
        "min_inclusive": 2,
        "max_inclusive": 3
      },
      "crown_height": {
        "type": "minecraft:clamped_normal",
        "min_inclusive": 9,
        "max_inclusive": 12,
        "mean": 8,
        "deviation": 3
      }
    }
  },
  "type": "minecraft:tree"
}
