{
  "type": "minecraft:overworld",
  "generator": {
    "biome_source": {
      "biomes": [
        {
          "parameters": {
            "weirdness": 0,
            "continentalness": 0,
            "erosion": 0,
            "temperature": 0,
            "humidity": 0,
            "depth": 0,
            "offset": 0
          },
          "biome": "swift_biomes:fearless_fields"
        }
      ],
      "type": "minecraft:multi_noise"
    },
    "settings": "swift_biomes:overworld",
    "type": "minecraft:noise"
  }
}
