{
  "feature": "swift_biomes:charred/trees",
  "placement": [
    {
      "chance": 2,
      "type": "minecraft:rarity_filter"
    },
    {
      "count": 9,
      "type": "minecraft:count"
    },
    {
      "type": "minecraft:in_square"
    },
    {
      "max_water_depth": 0,
      "type": "minecraft:surface_water_depth_filter"
    },
    {
      "heightmap": "OCEAN_FLOOR",
      "type": "minecraft:heightmap"
    },
    {
      "type": "minecraft:biome"
    }
  ]
}
