{
  "config": {
    "decorators": [],
    "ignore_vines": false,
    "force_dirt": false,
    "dirt_provider": {
      "state": {
        "Name": "minecraft:dirt"
      },
      "type": "minecraft:simple_state_provider"
    },
    "minimum_size": {
      "limit": 0,
      "lower_size": 0,
      "upper_size": 0,
      "type": "minecraft:two_layers_feature_size"
    },
    "trunk_provider": {
      "state": {
        "Properties": {
          "axis": "y"
        },
        "Name": "minecraft:oak_log"
      },
      "type": "minecraft:simple_state_provider"
    },
    "trunk_placer": {
      "base_height": 1,
      "height_rand_a": 0,
      "height_rand_b": 0,
      "type": "minecraft:straight_trunk_placer"
    },
    "foliage_provider": {
      "state": {
        "Name": "minecraft:air"
      },
      "type": "minecraft:simple_state_provider"
    },
    "foliage_placer": {
      "radius": 1,
      "offset": 0,
      "height": 1,
      "type": "minecraft:bush_foliage_placer"
    }
  },
  "type": "minecraft:tree"
}
