{
  "config": {
    "tries": 64,
    "xz_spread": 7,
    "y_spread": 3,
    "feature": {
      "feature": {
        "config": {
          "to_place": {
            "state": {
              "Properties": {
                "west": "false",
                "up": "false",
                "south": "false",
                "north": "false",
                "east": "false",
                "age": "0"
              },
              "Name": "minecraft:fire"
            },
            "type": "minecraft:simple_state_provider"
          }
        },
        "type": "minecraft:simple_block"
      },
      "placement": [
        {
          "predicate": {
            "predicates": [
              {
                "blocks": [
                  "minecraft:air"
                ],
                "type": "minecraft:matching_blocks"
              },
              {
                "offset": [
                  0,
                  -1,
                  0
                ],
                "blocks": [
                  "minecraft:blackstone",
                  "minecraft:gravel",
                  "minecraft:coal_block",
                  "minecraft:magma_block"
                ],
                "type": "minecraft:matching_blocks"
              }
            ],
            "type": "minecraft:all_of"
          },
          "type": "minecraft:block_predicate_filter"
        }
      ]
    }
  },
  "type": "minecraft:random_patch"
}
