{
  "feature": "swift_biomes:lover/forest_flowers",
  "placement": [
    {
      "count": 4,
      "type": "minecraft:count"
    },
    {
      "type": "minecraft:in_square"
    },
    {
      "heightmap": "MOTION_BLOCKING",
      "type": "minecraft:heightmap"
    },
    {
      "count": {
        "type": "minecraft:clamped",
        "source": {
          "type": "minecraft:uniform",
          "min_inclusive": -1,
          "max_inclusive": 3
        },
        "min_inclusive": 0,
        "max_inclusive": 3
      },
      "type": "minecraft:count"
    },
    {
      "type": "minecraft:biome"
    }
  ]
}
