{
	"feature": "swift_biomes:lover/spike_base",
	"placement": [
		{
			"type": "minecraft:noise_based_count",
			"noise_to_count_ratio": 1,
			"noise_factor": 500,
			"noise_offset": -0.7
		},
		{
			"count": {
				"distribution": [
					{
						"data": 3,
						"weight": 9
					},
					{
						"data": 4,
						"weight": 1
					}
				],
				"type": "minecraft:weighted_list"
			},
			"type": "minecraft:count"
		},
		{
			"type": "minecraft:in_square"
		},
		{
			"type": "heightmap",
			"heightmap": "WORLD_SURFACE_WG"
		},
		{
			"type": "minecraft:biome"
		}
	]
}
