{
  "feature": "swift_biomes:springs/trees",
  "placement": [
    {
      "type": "minecraft:noise_based_count",
      "noise_to_count_ratio": 1,
      "noise_factor": 100,
      "noise_offset": 0.7
    },
    {
      "count": {
        "distribution": [
          {
            "data": 2,
            "weight": 9
          },
          {
            "data": 3,
            "weight": 1
          }
        ],
        "type": "minecraft:weighted_list"
      },
      "type": "minecraft:count"
    },
    {
      "type": "minecraft:in_square"
    },
    {
      "max_water_depth": 2,
      "type": "minecraft:surface_water_depth_filter"
    },
    {
      "heightmap": "OCEAN_FLOOR",
      "type": "minecraft:heightmap"
    },
    {
      "type": "minecraft:biome"
    }
  ]
}
