{
  "feature": "swift_biomes:evermore/large_basalt_columns",
  "placement": [
    {
      "type": "minecraft:noise_based_count",
      "noise_to_count_ratio": 1,
      "noise_factor": 100,
      "noise_offset": -0.7
    },
    {
      "count": 3,
      "type": "minecraft:count_on_every_layer"
    },
    {
      "max_water_depth": 0,
      "type": "minecraft:surface_water_depth_filter"
    },
    {
      "heightmap": "OCEAN_FLOOR",
      "type": "minecraft:heightmap"
    },
    {
      "type": "minecraft:biome"
    }
  ]
}
