{
	"feature": "swift_biomes:evermore/spike_base",
	"placement": [
		{
			"type": "minecraft:rarity_filter",
			"chance": 20
		},
		{
			"count": {
				"distribution": [
					{
						"data": 3,
						"weight": 9
					},
					{
						"data": 4,
						"weight": 1
					}
				],
				"type": "minecraft:weighted_list"
			},
			"type": "minecraft:count"
		},
		{
			"type": "minecraft:in_square"
		},
		{
			"type": "heightmap",
			"heightmap": "WORLD_SURFACE_WG"
		},
		{
			"type": "minecraft:biome"
		}
	]
}
