{
	"feature": "swift_biomes:enchanted/amethysts",
	"placement": [
		{
			"type": "minecraft:count",
			"count": 32
		},
		{
			"type": "minecraft:count",
			"count": 48
		},
		{
			"type": "minecraft:in_square"
		},
		{
			"type": "minecraft:height_range",
			"height": {
				"type": "minecraft:uniform",
				"min_inclusive": {
					"absolute": 0
				},
				"max_inclusive": {
					"absolute": 256
				}
			}
		},
		{
			"type": "minecraft:block_predicate_filter",
			"predicate": {
				"type": "minecraft:matching_blocks",
				"offset": [
					0,
					-1,
					0
				],
				"blocks": [
					"minecraft:grass_block"
				]
			}
		},
		{
			"type": "minecraft:biome"
		}
	]
}
