{
  "type": "minecraft:simple_block",
  "config": {
    "to_place": {
      "type": "minecraft:weighted_state_provider",
      "entries": [
        {
          "weight": 3,
          "data": {
            "Name": "minecraft:large_amethyst_bud",
            "Properties": {
              "facing": "up",
              "waterlogged": "false"
            }
          }
        },
        {
          "weight": 5,
          "data": {
            "Name": "minecraft:medium_amethyst_bud",
            "Properties": {
              "facing": "up",
              "waterlogged": "false"
            }
          }
        },
        {
          "weight": 9,
          "data": {
            "Name": "minecraft:small_amethyst_bud",
            "Properties": {
              "facing": "up",
              "waterlogged": "false"
            }
          }
        }
      ]
    }
  }
}
