{
  "config": {
    "decorators": [],
    "ignore_vines": true,
    "force_dirt": false,
    "dirt_provider": {
      "state": {
        "Name": "minecraft:dirt"
      },
      "type": "minecraft:simple_state_provider"
    },
    "minimum_size": {
      "limit": 2,
      "lower_size": 0,
      "upper_size": 2,
      "type": "minecraft:two_layers_feature_size"
    },
    "trunk_provider": {
      "state": {
        "Properties": {
          "axis": "y"
        },
        "Name": "minecraft:acacia_log"
      },
      "type": "minecraft:simple_state_provider"
    },
    "trunk_placer": {
      "base_height": 15,
      "height_rand_a": 5,
      "height_rand_b": 7,
      "type": "minecraft:straight_trunk_placer"
    },
    "foliage_provider": {
      "entries": [
        {
          "data": {
            "Properties": {
              "persistent": "false",
              "distance": "7"
            },
            "Name": "minecraft:dark_oak_leaves"
          },
          "weight": 6
        },
        {
          "data": {
            "Properties": {
              "persistent": "false",
              "distance": "7"
            },
            "Name": "minecraft:acacia_leaves"
          },
          "weight": 12
        },
        {
          "data": {
            "Name": "minecraft:air"
          },
          "weight": 2
        }
      ],
      "type": "minecraft:weighted_state_provider"
    },
    "foliage_placer": {
      "radius": {
        "type": "minecraft:uniform",
        "min_inclusive": 0,
        "max_inclusive": 1
      },
      "offset": {
        "type": "minecraft:uniform",
        "min_inclusive": 1,
        "max_inclusive": 2
      },
      "crown_height": {
        "type": "minecraft:uniform",
        "min_inclusive": 13,
        "max_inclusive": 15
      },
      "type": "minecraft:mega_pine_foliage_placer"
    }
  },
  "type": "minecraft:tree"
}
