{
  "type": "minecraft:random_patch",
  "config": {
    "tries": 32,
    "xz_spread": 7,
    "y_spread": 3,
    "feature": {
      "feature": {
        "config": {
          "to_place": {
            "entries": [
              {
                "data": {
                  "Name": "minecraft:fern"
                },
                "weight": 3
              },
              {
                "data": {
                  "Name": "minecraft:short_grass"
                },
                "weight": 5
              },
              {
                "data": {
                  "Properties": {
                    "half": "lower"
                  },
                  "Name": "minecraft:large_fern"
                },
                "weight": 2
              }
            ],
            "type": "minecraft:weighted_state_provider"
          }
        },
        "type": "minecraft:simple_block"
      },
      "placement": [
        {
          "type": "minecraft:block_predicate_filter",
          "predicate": {
            "type": "minecraft:all_of",
            "predicates": [
              {
                "type": "minecraft:matching_blocks",
                "offset": [
                  0,
                  -1,
                  0
                ],
                "blocks": [
                  "minecraft:grass_block"
                ]
              },
              {
                "type": "minecraft:matching_blocks",
                "blocks": [
                  "minecraft:air"
                ]
              }
            ]
          }
        }
      ]
    }
  }
}
