{
  "feature": "swift_biomes:charred/spring_lava_nether",
  "placement": [
    {
      "count": 32,
      "type": "minecraft:count"
    },
    {
      "type": "minecraft:in_square"
    },
    {
      "height": {
        "min_inclusive": {
          "above_bottom": 4
        },
        "max_inclusive": {
          "below_top": 4
        },
        "type": "minecraft:uniform"
      },
      "type": "minecraft:height_range"
    },
    {
      "type": "minecraft:biome"
    }
  ]
}
