{
  "type": "minecraft:tree",
  "config": {
    "decorators": [
      {
        "probability": 1,
        "type": "minecraft:beehive"
      }
    ],
    "minimum_size": {
      "type": "minecraft:two_layers_feature_size"
    },
    "root_placer": {
      "type": "minecraft:mangrove_root_placer",
      "above_root_placement": {
        "above_root_placement_chance": 0.5,
        "above_root_provider": {
          "type": "minecraft:simple_state_provider",
          "state": {
            "Name": "minecraft:moss_carpet"
          }
        }
      },
      "mangrove_root_placement": {
        "can_grow_through": "#minecraft:mangrove_roots_can_grow_through",
        "max_root_length": 15,
        "max_root_width": 8,
        "muddy_roots_in": [
          "minecraft:mud",
          "minecraft:muddy_mangrove_roots"
        ],
        "muddy_roots_provider": {
          "type": "minecraft:simple_state_provider",
          "state": {
            "Name": "minecraft:muddy_mangrove_roots",
            "Properties": {
              "axis": "y"
            }
          }
        },
        "random_skew_chance": 0.2
      },
      "root_provider": {
        "type": "minecraft:simple_state_provider",
        "state": {
          "Name": "minecraft:mangrove_roots",
          "Properties": {
            "waterlogged": "false"
          }
        }
      },
      "trunk_offset_y": {
        "type": "minecraft:uniform",
        "max_inclusive": 3,
        "min_inclusive": 1
      }
    },
    "dirt_provider": {
      "type": "minecraft:simple_state_provider",
      "state": {
        "Name": "minecraft:dirt"
      }
    },
    "trunk_provider": {
      "type": "minecraft:simple_state_provider",
      "state": {
        "Name": "minecraft:jungle_log",
        "Properties": {
          "axis": "y"
        }
      }
    },
    "foliage_provider": {
      "type": "minecraft:simple_state_provider",
      "state": {
        "Name": "minecraft:oak_leaves",
        "Properties": {
          "distance": "7",
          "persistent": "false"
        }
      }
    },
    "trunk_placer": {
      "type": "minecraft:fancy_trunk_placer",
      "base_height": 7,
      "height_rand_a": 5,
      "height_rand_b": 14
    },
    "foliage_placer": {
      "type": "minecraft:random_spread_foliage_placer",
      "radius": 3,
      "offset": 2,
      "foliage_height": 3,
      "leaf_placement_attempts": 256
    }
  }
}
