{
  "config": {
    "decorators": [
      {
        "type": "minecraft:trunk_vine"
      }
    ],
    "ignore_vines": false,
    "force_dirt": true,
    "dirt_provider": {
      "state": {
        "Name": "minecraft:spruce_wood"
      },
      "type": "minecraft:simple_state_provider"
    },
    "minimum_size": {
      "limit": 1,
      "lower_size": 0,
      "upper_size": 1,
      "type": "minecraft:two_layers_feature_size"
    },
    "trunk_provider": {
      "state": {
        "Properties": {
          "axis": "y"
        },
        "Name": "minecraft:spruce_log"
      },
      "type": "minecraft:simple_state_provider"
    },
    "trunk_placer": {
      "base_height": 22,
      "height_rand_a": 5,
      "height_rand_b": 10,
      "type": "minecraft:fancy_trunk_placer"
    },
    "foliage_provider": {
      "state": {
        "Properties": {
          "persistent": "false",
          "distance": "7"
        },
        "Name": "minecraft:spruce_leaves"
      },
      "type": "minecraft:simple_state_provider"
    },
    "foliage_placer": {
      "radius": 2,
      "offset": 1,
      "height": 2,
      "type": "minecraft:jungle_foliage_placer"
    },
    "root_placer": {
      "trunk_offset_y": {
        "type": "minecraft:uniform",
        "value": {
          "min_inclusive": 2,
          "max_inclusive": 8
        }
      },
      "root_provider": {
        "state": {
          "Properties": {
            "axis": "y"
          },
          "Name": "minecraft:spruce_wood"
        },
        "type": "minecraft:simple_state_provider"
      },
      "above_root_placement": {
        "above_root_provider": {
          "state": {
            "Name": "minecraft:moss_carpet"
          },
          "type": "minecraft:simple_state_provider"
        },
        "above_root_placement_chance": 0.0
      },
      "mangrove_root_placement": {
        "max_root_width": 4,
        "max_root_length": 12,
        "random_skew_chance": 0.75,
        "can_grow_through": "#minecraft:mangrove_roots_can_grow_through",
        "muddy_roots_in": [
          "minecraft:mud",
          "minecraft:muddy_mangrove_roots"
        ],
        "muddy_roots_provider": {
          "state": {
            "Properties": {
              "axis": "y"
            },
            "Name": "minecraft:muddy_mangrove_roots"
          },
          "type": "minecraft:simple_state_provider"
        }
      },
      "type": "minecraft:mangrove_root_placer"
    }
  },
  "type": "minecraft:tree"
}
